"Index","rank1","rank2","rank3","rank4"
"WH01","JANET LUNT","CODY CHAMBERLAIN","skipped","skipped"
"WH02","CODY CHAMBERLAIN","JANET LUNT","DOREL B. KYNASTON","TOBY M. HARDING"
"WH03","TOBY M. HARDING","CODY CHAMBERLAIN","skipped","skipped"
"WH04","TOBY M. HARDING","TOBY M. HARDING","DOREL B. KYNASTON","DOREL B. KYNASTON"
"WH05","DOREL B. KYNASTON","TOBY M. HARDING","CODY CHAMBERLAIN","JANET LUNT"
"WH06","overvote","skipped","skipped","skipped"
"WH07","DOREL B. KYNASTON","CODY CHAMBERLAIN","skipped","skipped"
"WH08","CODY CHAMBERLAIN","JANET LUNT","DOREL B. KYNASTON","TOBY M. HARDING"
"WH09","JANET LUNT","CODY CHAMBERLAIN","DOREL B. KYNASTON","TOBY M. HARDING"
"WH10","TOBY M. HARDING","CODY CHAMBERLAIN","DOREL B. KYNASTON","JANET LUNT"
"WH11","DOREL B. KYNASTON","TOBY M. HARDING","JANET LUNT","skipped"
"WH12","overvote","skipped","skipped","skipped"
"WH13","DOREL B. KYNASTON","CODY CHAMBERLAIN","skipped","skipped"
"WH14","DOREL B. KYNASTON","JANET LUNT","CODY CHAMBERLAIN","skipped"
"WH15","CODY CHAMBERLAIN","JANET LUNT","DOREL B. KYNASTON","TOBY M. HARDING"
"WH16","JANET LUNT","DOREL B. KYNASTON","skipped","skipped"
"WH17","DOREL B. KYNASTON","JANET LUNT","TOBY M. HARDING","CODY CHAMBERLAIN"
"WH18","JANET LUNT","DOREL B. KYNASTON","skipped","skipped"
"WH19","DOREL B. KYNASTON","JANET LUNT","CODY CHAMBERLAIN","skipped"
"WH20","JANET LUNT","skipped","skipped","skipped"
"WH21","JANET LUNT","CODY CHAMBERLAIN","DOREL B. KYNASTON","TOBY M. HARDING"
"WH22","JANET LUNT","TOBY M. HARDING","DOREL B. KYNASTON","CODY CHAMBERLAIN"
"WH23","DOREL B. KYNASTON","JANET LUNT","CODY CHAMBERLAIN","TOBY M. HARDING"
"WH24","DOREL B. KYNASTON","JANET LUNT","skipped","skipped"
"WH25","DOREL B. KYNASTON","JANET LUNT","TOBY M. HARDING","skipped"
"WH26","TOBY M. HARDING","JANET LUNT","CODY CHAMBERLAIN","DOREL B. KYNASTON"
"WH27","CODY CHAMBERLAIN","JANET LUNT","DOREL B. KYNASTON","TOBY M. HARDING"
"WH28","CODY CHAMBERLAIN","TOBY M. HARDING","skipped","skipped"
"WH29","JANET LUNT","DOREL B. KYNASTON","CODY CHAMBERLAIN","TOBY M. HARDING"
"WH30","TOBY M. HARDING","DOREL B. KYNASTON","CODY CHAMBERLAIN","JANET LUNT"
"WH31","TOBY M. HARDING","DOREL B. KYNASTON","CODY CHAMBERLAIN","JANET LUNT"
"WH32","CODY CHAMBERLAIN","JANET LUNT","DOREL B. KYNASTON","TOBY M. HARDING"
"WH33","CODY CHAMBERLAIN","JANET LUNT","TOBY M. HARDING","DOREL B. KYNASTON"
"WH34","TOBY M. HARDING","CODY CHAMBERLAIN","DOREL B. KYNASTON","JANET LUNT"
"WH35","TOBY M. HARDING","DOREL B. KYNASTON","CODY CHAMBERLAIN","JANET LUNT"
"WH36","JANET LUNT","DOREL B. KYNASTON","TOBY M. HARDING","CODY CHAMBERLAIN"
"WH37","TOBY M. HARDING","skipped","skipped","skipped"
"WH38","JANET LUNT","DOREL B. KYNASTON","TOBY M. HARDING","CODY CHAMBERLAIN"
"WH39","JANET LUNT","DOREL B. KYNASTON","TOBY M. HARDING","CODY CHAMBERLAIN"
"WH40","JANET LUNT","DOREL B. KYNASTON","TOBY M. HARDING","CODY CHAMBERLAIN"
"WH41","JANET LUNT","DOREL B. KYNASTON","TOBY M. HARDING","CODY CHAMBERLAIN"
"WH42","DOREL B. KYNASTON","JANET LUNT","TOBY M. HARDING","CODY CHAMBERLAIN"
"WH43","DOREL B. KYNASTON","TOBY M. HARDING","JANET LUNT","CODY CHAMBERLAIN"
"WH44","JANET LUNT","skipped","skipped","skipped"
"WH45","JANET LUNT","DOREL B. KYNASTON","TOBY M. HARDING","CODY CHAMBERLAIN"
"WH46","JANET LUNT","DOREL B. KYNASTON","CODY CHAMBERLAIN","skipped"
"WH47","JANET LUNT","DOREL B. KYNASTON","CODY CHAMBERLAIN","skipped"
"WH48","TOBY M. HARDING","DOREL B. KYNASTON","CODY CHAMBERLAIN","JANET LUNT"
"WH49","JANET LUNT","DOREL B. KYNASTON","CODY CHAMBERLAIN","skipped"
"WH50","JANET LUNT","CODY CHAMBERLAIN","DOREL B. KYNASTON","skipped"
"WH51","TOBY M. HARDING","DOREL B. KYNASTON","CODY CHAMBERLAIN","JANET LUNT"
"WH52","TOBY M. HARDING","DOREL B. KYNASTON","CODY CHAMBERLAIN","JANET LUNT"
"WH53","TOBY M. HARDING","JANET LUNT","skipped","skipped"
"WH54","JANET LUNT","CODY CHAMBERLAIN","DOREL B. KYNASTON","skipped"
"WH55","JANET LUNT","skipped","skipped","skipped"
"WH56","CODY CHAMBERLAIN","DOREL B. KYNASTON","TOBY M. HARDING","JANET LUNT"
"WH57","JANET LUNT","skipped","skipped","skipped"
"WH58","DOREL B. KYNASTON","JANET LUNT","CODY CHAMBERLAIN","TOBY M. HARDING"
"WH59","DOREL B. KYNASTON","JANET LUNT","CODY CHAMBERLAIN","TOBY M. HARDING"
"WH60","TOBY M. HARDING","JANET LUNT","CODY CHAMBERLAIN","DOREL B. KYNASTON"
"WH61","TOBY M. HARDING","JANET LUNT","CODY CHAMBERLAIN","DOREL B. KYNASTON"
"WH62","TOBY M. HARDING","TOBY M. HARDING","TOBY M. HARDING","TOBY M. HARDING"
"WH63","TOBY M. HARDING","CODY CHAMBERLAIN","DOREL B. KYNASTON","JANET LUNT"
"WH64","JANET LUNT","CODY CHAMBERLAIN","skipped","skipped"
"WH65","JANET LUNT","TOBY M. HARDING","CODY CHAMBERLAIN","DOREL B. KYNASTON"
"WH66","DOREL B. KYNASTON","JANET LUNT","CODY CHAMBERLAIN","TOBY M. HARDING"
"WH67","TOBY M. HARDING","JANET LUNT","skipped","skipped"
"WH68","JANET LUNT","DOREL B. KYNASTON","TOBY M. HARDING","CODY CHAMBERLAIN"
"WH69","JANET LUNT","DOREL B. KYNASTON","TOBY M. HARDING","CODY CHAMBERLAIN"
"WH70","CODY CHAMBERLAIN","skipped","skipped","skipped"
"WH71","CODY CHAMBERLAIN","JANET LUNT","DOREL B. KYNASTON","TOBY M. HARDING"
"WH72","CODY CHAMBERLAIN","DOREL B. KYNASTON","JANET LUNT","skipped"
"WH73","JANET LUNT","CODY CHAMBERLAIN","DOREL B. KYNASTON","skipped"
"WH74","TOBY M. HARDING","CODY CHAMBERLAIN","DOREL B. KYNASTON","JANET LUNT"
"WH75","JANET LUNT","CODY CHAMBERLAIN","DOREL B. KYNASTON","skipped"
"WH76","CODY CHAMBERLAIN","skipped","skipped","skipped"
"WH77","CODY CHAMBERLAIN","JANET LUNT","skipped","skipped"
"WH78","JANET LUNT","TOBY M. HARDING","skipped","skipped"
"WH79","JANET LUNT","DOREL B. KYNASTON","CODY CHAMBERLAIN","TOBY M. HARDING"
"WH80","TOBY M. HARDING","skipped","skipped","skipped"
"WH81","JANET LUNT","CODY CHAMBERLAIN","DOREL B. KYNASTON","TOBY M. HARDING"
"WH82","JANET LUNT","CODY CHAMBERLAIN","DOREL B. KYNASTON","TOBY M. HARDING"
"WH83","JANET LUNT","DOREL B. KYNASTON","CODY CHAMBERLAIN","skipped"
"WH84","JANET LUNT","DOREL B. KYNASTON","CODY CHAMBERLAIN","skipped"
"WH85","CODY CHAMBERLAIN","JANET LUNT","skipped","skipped"
"WH86","DOREL B. KYNASTON","JANET LUNT","CODY CHAMBERLAIN","TOBY M. HARDING"
"WH87","CODY CHAMBERLAIN","DOREL B. KYNASTON","JANET LUNT","TOBY M. HARDING"
"WH88","CODY CHAMBERLAIN","DOREL B. KYNASTON","JANET LUNT","TOBY M. HARDING"
"WH89","CODY CHAMBERLAIN","JANET LUNT","DOREL B. KYNASTON","TOBY M. HARDING"
"WH90","CODY CHAMBERLAIN","DOREL B. KYNASTON","TOBY M. HARDING","JANET LUNT"
"WH91","DOREL B. KYNASTON","JANET LUNT","CODY CHAMBERLAIN","TOBY M. HARDING"
"WH92","TOBY M. HARDING","JANET LUNT","CODY CHAMBERLAIN","DOREL B. KYNASTON"
"WH93","TOBY M. HARDING","CODY CHAMBERLAIN","DOREL B. KYNASTON","JANET LUNT"
"WH94","TOBY M. HARDING","JANET LUNT","CODY CHAMBERLAIN","DOREL B. KYNASTON"
"WH95","DOREL B. KYNASTON","TOBY M. HARDING","JANET LUNT","skipped"
"WH96","JANET LUNT","CODY CHAMBERLAIN","DOREL B. KYNASTON","TOBY M. HARDING"
"WH97","TOBY M. HARDING","JANET LUNT","DOREL B. KYNASTON","CODY CHAMBERLAIN"
"WH98","DOREL B. KYNASTON","JANET LUNT","CODY CHAMBERLAIN","TOBY M. HARDING"
"WH99","JANET LUNT","DOREL B. KYNASTON","TOBY M. HARDING","CODY CHAMBERLAIN"
"WH100","TOBY M. HARDING","TOBY M. HARDING","DOREL B. KYNASTON","DOREL B. KYNASTON"
"WH101","JANET LUNT","CODY CHAMBERLAIN","skipped","skipped"
"WH102","JANET LUNT","CODY CHAMBERLAIN","DOREL B. KYNASTON","TOBY M. HARDING"
"WH103","JANET LUNT","CODY CHAMBERLAIN","DOREL B. KYNASTON","TOBY M. HARDING"
"WH104","TOBY M. HARDING","skipped","skipped","skipped"
"WH105","TOBY M. HARDING","skipped","skipped","skipped"
"WH106","JANET LUNT","TOBY M. HARDING","CODY CHAMBERLAIN","DOREL B. KYNASTON"
"WH107","JANET LUNT","TOBY M. HARDING","skipped","skipped"
"WH108","JANET LUNT","CODY CHAMBERLAIN","TOBY M. HARDING","DOREL B. KYNASTON"
"WH109","JANET LUNT","DOREL B. KYNASTON","TOBY M. HARDING","CODY CHAMBERLAIN"
"WH110","JANET LUNT","CODY CHAMBERLAIN","TOBY M. HARDING","DOREL B. KYNASTON"
"WH111","JANET LUNT","DOREL B. KYNASTON","TOBY M. HARDING","CODY CHAMBERLAIN"
"WH112","TOBY M. HARDING","JANET LUNT","CODY CHAMBERLAIN","DOREL B. KYNASTON"
"WH113","JANET LUNT","DOREL B. KYNASTON","TOBY M. HARDING","CODY CHAMBERLAIN"
"WH114","TOBY M. HARDING","JANET LUNT","CODY CHAMBERLAIN","DOREL B. KYNASTON"
"WH115","JANET LUNT","CODY CHAMBERLAIN","TOBY M. HARDING","DOREL B. KYNASTON"
"WH116","DOREL B. KYNASTON","TOBY M. HARDING","CODY CHAMBERLAIN","JANET LUNT"
"WH117","JANET LUNT","CODY CHAMBERLAIN","DOREL B. KYNASTON","TOBY M. HARDING"
"WH118","CODY CHAMBERLAIN","JANET LUNT","TOBY M. HARDING","DOREL B. KYNASTON"
"WH119","TOBY M. HARDING","skipped","skipped","skipped"
"WH120","DOREL B. KYNASTON","CODY CHAMBERLAIN","JANET LUNT","skipped"
"WH121","JANET LUNT","CODY CHAMBERLAIN","DOREL B. KYNASTON","TOBY M. HARDING"
"WH122","DOREL B. KYNASTON","JANET LUNT","TOBY M. HARDING","CODY CHAMBERLAIN"
"WH123","JANET LUNT","DOREL B. KYNASTON","CODY CHAMBERLAIN","skipped"
"WH124","TOBY M. HARDING","skipped","skipped","skipped"
"WH125","JANET LUNT","DOREL B. KYNASTON","CODY CHAMBERLAIN","TOBY M. HARDING"
"WH126","DOREL B. KYNASTON","JANET LUNT","skipped","skipped"
"WH127","DOREL B. KYNASTON","JANET LUNT","skipped","skipped"
"WH128","JANET LUNT","TOBY M. HARDING","DOREL B. KYNASTON","CODY CHAMBERLAIN"
"WH129","TOBY M. HARDING","DOREL B. KYNASTON","JANET LUNT","CODY CHAMBERLAIN"
"WH130","DOREL B. KYNASTON","JANET LUNT","CODY CHAMBERLAIN","TOBY M. HARDING"
"WH131","JANET LUNT","CODY CHAMBERLAIN","DOREL B. KYNASTON","TOBY M. HARDING"
"WH132","CODY CHAMBERLAIN","JANET LUNT","TOBY M. HARDING","DOREL B. KYNASTON"
"WH133","JANET LUNT","CODY CHAMBERLAIN","DOREL B. KYNASTON","TOBY M. HARDING"
"WH134","JANET LUNT","TOBY M. HARDING","DOREL B. KYNASTON","CODY CHAMBERLAIN"
"WH135","JANET LUNT","DOREL B. KYNASTON","CODY CHAMBERLAIN","TOBY M. HARDING"
"WH136","DOREL B. KYNASTON","CODY CHAMBERLAIN","TOBY M. HARDING","JANET LUNT"
"WH137","JANET LUNT","CODY CHAMBERLAIN","DOREL B. KYNASTON","skipped"
"WH138","DOREL B. KYNASTON","JANET LUNT","TOBY M. HARDING","CODY CHAMBERLAIN"
"WH139","TOBY M. HARDING","CODY CHAMBERLAIN","DOREL B. KYNASTON","JANET LUNT"
"WH140","DOREL B. KYNASTON","TOBY M. HARDING","skipped","skipped"
"WH141","TOBY M. HARDING","JANET LUNT","skipped","skipped"
"WH142","TOBY M. HARDING","JANET LUNT","DOREL B. KYNASTON","CODY CHAMBERLAIN"
"WH143","JANET LUNT","DOREL B. KYNASTON","TOBY M. HARDING","skipped"
"WH144","CODY CHAMBERLAIN","TOBY M. HARDING","skipped","skipped"
"WH145","DOREL B. KYNASTON","JANET LUNT","CODY CHAMBERLAIN","TOBY M. HARDING"
"WH146","DOREL B. KYNASTON","JANET LUNT","CODY CHAMBERLAIN","TOBY M. HARDING"
"WH147","DOREL B. KYNASTON","JANET LUNT","skipped","skipped"
"WH148","TOBY M. HARDING","JANET LUNT","CODY CHAMBERLAIN","DOREL B. KYNASTON"
"WH149","CODY CHAMBERLAIN","JANET LUNT","TOBY M. HARDING","DOREL B. KYNASTON"
"WH150","JANET LUNT","CODY CHAMBERLAIN","DOREL B. KYNASTON","skipped"
"WH151","TOBY M. HARDING","JANET LUNT","CODY CHAMBERLAIN","DOREL B. KYNASTON"
"WH152","JANET LUNT","DOREL B. KYNASTON","CODY CHAMBERLAIN","TOBY M. HARDING"
"WH153","JANET LUNT","DOREL B. KYNASTON","CODY CHAMBERLAIN","TOBY M. HARDING"
"WH154","JANET LUNT","CODY CHAMBERLAIN","DOREL B. KYNASTON","TOBY M. HARDING"
"WH155","JANET LUNT","DOREL B. KYNASTON","CODY CHAMBERLAIN","TOBY M. HARDING"
"WH156","JANET LUNT","DOREL B. KYNASTON","TOBY M. HARDING","CODY CHAMBERLAIN"
"WH157","overvote","skipped","skipped","skipped"
"WH158","TOBY M. HARDING","CODY CHAMBERLAIN","skipped","skipped"
"WH159","TOBY M. HARDING","CODY CHAMBERLAIN","DOREL B. KYNASTON","skipped"
"WH160","JANET LUNT","DOREL B. KYNASTON","TOBY M. HARDING","CODY CHAMBERLAIN"
"WH161","JANET LUNT","DOREL B. KYNASTON","TOBY M. HARDING","CODY CHAMBERLAIN"
"WH162","TOBY M. HARDING","DOREL B. KYNASTON","skipped","skipped"
"WH163","TOBY M. HARDING","JANET LUNT","DOREL B. KYNASTON","CODY CHAMBERLAIN"
"WH164","JANET LUNT","DOREL B. KYNASTON","TOBY M. HARDING","CODY CHAMBERLAIN"
"WH165","JANET LUNT","TOBY M. HARDING","CODY CHAMBERLAIN","DOREL B. KYNASTON"
"WH166","JANET LUNT","DOREL B. KYNASTON","skipped","skipped"
"WH167","DOREL B. KYNASTON","TOBY M. HARDING","CODY CHAMBERLAIN","JANET LUNT"
"WH168","DOREL B. KYNASTON","JANET LUNT","CODY CHAMBERLAIN","TOBY M. HARDING"
"WH169","JANET LUNT","DOREL B. KYNASTON","CODY CHAMBERLAIN","skipped"
"WH170","DOREL B. KYNASTON","JANET LUNT","CODY CHAMBERLAIN","skipped"
"WH171","TOBY M. HARDING","DOREL B. KYNASTON","CODY CHAMBERLAIN","JANET LUNT"
"WH172","TOBY M. HARDING","CODY CHAMBERLAIN","JANET LUNT","DOREL B. KYNASTON"
"WH173","DOREL B. KYNASTON","JANET LUNT","CODY CHAMBERLAIN","skipped"
"WH174","TOBY M. HARDING","JANET LUNT","CODY CHAMBERLAIN","DOREL B. KYNASTON"
"WH175","DOREL B. KYNASTON","JANET LUNT","skipped","skipped"
"WH176","DOREL B. KYNASTON","JANET LUNT","TOBY M. HARDING","CODY CHAMBERLAIN"
"WH177","JANET LUNT","DOREL B. KYNASTON","TOBY M. HARDING","CODY CHAMBERLAIN"
"WH178","CODY CHAMBERLAIN","DOREL B. KYNASTON","JANET LUNT","TOBY M. HARDING"
"WH179","JANET LUNT","DOREL B. KYNASTON","CODY CHAMBERLAIN","TOBY M. HARDING"
"WH180","DOREL B. KYNASTON","JANET LUNT","TOBY M. HARDING","CODY CHAMBERLAIN"
"WH181","DOREL B. KYNASTON","JANET LUNT","skipped","skipped"
"WH182","TOBY M. HARDING","TOBY M. HARDING","TOBY M. HARDING","TOBY M. HARDING"
"WH183","JANET LUNT","DOREL B. KYNASTON","CODY CHAMBERLAIN","TOBY M. HARDING"
"WH184","CODY CHAMBERLAIN","DOREL B. KYNASTON","JANET LUNT","TOBY M. HARDING"
"WH185","TOBY M. HARDING","DOREL B. KYNASTON","CODY CHAMBERLAIN","skipped"
"WH186","TOBY M. HARDING","CODY CHAMBERLAIN","DOREL B. KYNASTON","JANET LUNT"
"WH187","JANET LUNT","TOBY M. HARDING","skipped","skipped"
"WH188","TOBY M. HARDING","CODY CHAMBERLAIN","DOREL B. KYNASTON","JANET LUNT"
"WH189","TOBY M. HARDING","skipped","skipped","skipped"
"WH190","TOBY M. HARDING","skipped","skipped","skipped"
"WH191","JANET LUNT","CODY CHAMBERLAIN","DOREL B. KYNASTON","TOBY M. HARDING"
"WH192","DOREL B. KYNASTON","JANET LUNT","skipped","skipped"
"WH193","JANET LUNT","CODY CHAMBERLAIN","DOREL B. KYNASTON","TOBY M. HARDING"
"WH194","JANET LUNT","DOREL B. KYNASTON","CODY CHAMBERLAIN","TOBY M. HARDING"
"WH195","JANET LUNT","TOBY M. HARDING","CODY CHAMBERLAIN","DOREL B. KYNASTON"
"WH196","JANET LUNT","CODY CHAMBERLAIN","DOREL B. KYNASTON","skipped"
"WH197","TOBY M. HARDING","DOREL B. KYNASTON","CODY CHAMBERLAIN","JANET LUNT"
"WH198","JANET LUNT","DOREL B. KYNASTON","CODY CHAMBERLAIN","TOBY M. HARDING"
"WH199","DOREL B. KYNASTON","TOBY M. HARDING","CODY CHAMBERLAIN","JANET LUNT"
"WH200","JANET LUNT","CODY CHAMBERLAIN","DOREL B. KYNASTON","TOBY M. HARDING"
"WH201","DOREL B. KYNASTON","skipped","skipped","skipped"
"WH202","JANET LUNT","CODY CHAMBERLAIN","DOREL B. KYNASTON","TOBY M. HARDING"
"WH203","JANET LUNT","TOBY M. HARDING","skipped","skipped"
"WH204","JANET LUNT","DOREL B. KYNASTON","skipped","skipped"
"WH205","TOBY M. HARDING","TOBY M. HARDING","TOBY M. HARDING","TOBY M. HARDING"
"WH206","JANET LUNT","TOBY M. HARDING","skipped","skipped"
"WH207","JANET LUNT","skipped","skipped","skipped"
"WH208","TOBY M. HARDING","JANET LUNT","DOREL B. KYNASTON","CODY CHAMBERLAIN"
"WH209","JANET LUNT","CODY CHAMBERLAIN","DOREL B. KYNASTON","TOBY M. HARDING"
"WH210","JANET LUNT","DOREL B. KYNASTON","CODY CHAMBERLAIN","TOBY M. HARDING"
"WH211","TOBY M. HARDING","skipped","skipped","skipped"
"WH212","TOBY M. HARDING","skipped","skipped","skipped"
"WH213","TOBY M. HARDING","skipped","skipped","skipped"
"WH214","DOREL B. KYNASTON","JANET LUNT","CODY CHAMBERLAIN","TOBY M. HARDING"
"WH215","JANET LUNT","DOREL B. KYNASTON","CODY CHAMBERLAIN","TOBY M. HARDING"
"WH216","CODY CHAMBERLAIN","DOREL B. KYNASTON","JANET LUNT","TOBY M. HARDING"
"WH217","DOREL B. KYNASTON","JANET LUNT","CODY CHAMBERLAIN","TOBY M. HARDING"
"WH218","JANET LUNT","skipped","skipped","skipped"
"WH219","TOBY M. HARDING","JANET LUNT","skipped","skipped"
"WH220","JANET LUNT","DOREL B. KYNASTON","CODY CHAMBERLAIN","TOBY M. HARDING"
"WH221","JANET LUNT","DOREL B. KYNASTON","CODY CHAMBERLAIN","TOBY M. HARDING"
"WH222","JANET LUNT","DOREL B. KYNASTON","CODY CHAMBERLAIN","TOBY M. HARDING"
"WH223","JANET LUNT","skipped","skipped","skipped"
"WH224","DOREL B. KYNASTON","JANET LUNT","skipped","skipped"
"WH225","JANET LUNT","CODY CHAMBERLAIN","TOBY M. HARDING","DOREL B. KYNASTON"
"WH226","TOBY M. HARDING","skipped","skipped","skipped"
"WH227","skipped","skipped","skipped","skipped"
"WH228","CODY CHAMBERLAIN","JANET LUNT","DOREL B. KYNASTON","TOBY M. HARDING"
"WH229","skipped","skipped","skipped","skipped"
"WH230","JANET LUNT","DOREL B. KYNASTON","TOBY M. HARDING","CODY CHAMBERLAIN"
"WH231","JANET LUNT","skipped","skipped","skipped"
"WH232","CODY CHAMBERLAIN","DOREL B. KYNASTON","JANET LUNT","TOBY M. HARDING"
"WH233","CODY CHAMBERLAIN","JANET LUNT","DOREL B. KYNASTON","TOBY M. HARDING"
"WH234","JANET LUNT","CODY CHAMBERLAIN","TOBY M. HARDING","DOREL B. KYNASTON"
"WH235","DOREL B. KYNASTON","JANET LUNT","CODY CHAMBERLAIN","TOBY M. HARDING"
"WH236","DOREL B. KYNASTON","TOBY M. HARDING","JANET LUNT","CODY CHAMBERLAIN"
"WH237","JANET LUNT","CODY CHAMBERLAIN","DOREL B. KYNASTON","TOBY M. HARDING"
"WH238","JANET LUNT","DOREL B. KYNASTON","TOBY M. HARDING","CODY CHAMBERLAIN"
"WH239","DOREL B. KYNASTON","JANET LUNT","CODY CHAMBERLAIN","TOBY M. HARDING"
"WH240","JANET LUNT","CODY CHAMBERLAIN","DOREL B. KYNASTON","skipped"
"WH241","DOREL B. KYNASTON","JANET LUNT","TOBY M. HARDING","CODY CHAMBERLAIN"
"WH242","TOBY M. HARDING","CODY CHAMBERLAIN","skipped","skipped"
"WH243","TOBY M. HARDING","JANET LUNT","DOREL B. KYNASTON","CODY CHAMBERLAIN"
"WH244","CODY CHAMBERLAIN","JANET LUNT","skipped","skipped"
"WH245","TOBY M. HARDING","DOREL B. KYNASTON","JANET LUNT","CODY CHAMBERLAIN"
"WH246","TOBY M. HARDING","JANET LUNT","CODY CHAMBERLAIN","DOREL B. KYNASTON"
"WH247","DOREL B. KYNASTON","JANET LUNT","skipped","skipped"
"WH248","DOREL B. KYNASTON","JANET LUNT","CODY CHAMBERLAIN","TOBY M. HARDING"
"WH249","TOBY M. HARDING","DOREL B. KYNASTON","JANET LUNT","CODY CHAMBERLAIN"
"WH250","TOBY M. HARDING","DOREL B. KYNASTON","skipped","skipped"
"WH251","JANET LUNT","skipped","skipped","skipped"
"WH252","DOREL B. KYNASTON","JANET LUNT","CODY CHAMBERLAIN","TOBY M. HARDING"
"WH253","CODY CHAMBERLAIN","TOBY M. HARDING","JANET LUNT","DOREL B. KYNASTON"
"WH254","DOREL B. KYNASTON","JANET LUNT","CODY CHAMBERLAIN","TOBY M. HARDING"
"WH255","JANET LUNT","CODY CHAMBERLAIN","skipped","skipped"
"WH256","DOREL B. KYNASTON","JANET LUNT","CODY CHAMBERLAIN","TOBY M. HARDING"
"WH257","JANET LUNT","CODY CHAMBERLAIN","DOREL B. KYNASTON","TOBY M. HARDING"
"WH258","JANET LUNT","CODY CHAMBERLAIN","DOREL B. KYNASTON","TOBY M. HARDING"
"WH259","TOBY M. HARDING","DOREL B. KYNASTON","JANET LUNT","CODY CHAMBERLAIN"
"WH260","DOREL B. KYNASTON","TOBY M. HARDING","CODY CHAMBERLAIN","JANET LUNT"
"WH261","JANET LUNT","CODY CHAMBERLAIN","DOREL B. KYNASTON","skipped"
"WH262","JANET LUNT","CODY CHAMBERLAIN","DOREL B. KYNASTON","skipped"
"WH263","JANET LUNT","DOREL B. KYNASTON","TOBY M. HARDING","CODY CHAMBERLAIN"
"WH264","DOREL B. KYNASTON","JANET LUNT","CODY CHAMBERLAIN","TOBY M. HARDING"
"WH265","CODY CHAMBERLAIN","JANET LUNT","skipped","skipped"
"WH266","TOBY M. HARDING","skipped","skipped","skipped"
"WH267","CODY CHAMBERLAIN","JANET LUNT","skipped","skipped"
"WH268","JANET LUNT","DOREL B. KYNASTON","TOBY M. HARDING","CODY CHAMBERLAIN"
"WH269","TOBY M. HARDING","skipped","skipped","skipped"
"WH270","TOBY M. HARDING","TOBY M. HARDING","TOBY M. HARDING","TOBY M. HARDING"
"WH271","JANET LUNT","CODY CHAMBERLAIN","DOREL B. KYNASTON","skipped"
"WH272","JANET LUNT","skipped","skipped","skipped"
"WH273","JANET LUNT","TOBY M. HARDING","skipped","skipped"
"WH274","DOREL B. KYNASTON","TOBY M. HARDING","JANET LUNT","CODY CHAMBERLAIN"
"WH275","DOREL B. KYNASTON","JANET LUNT","TOBY M. HARDING","CODY CHAMBERLAIN"
"WH276","CODY CHAMBERLAIN","TOBY M. HARDING","JANET LUNT","DOREL B. KYNASTON"
"WH277","JANET LUNT","DOREL B. KYNASTON","CODY CHAMBERLAIN","skipped"
"WH278","JANET LUNT","DOREL B. KYNASTON","CODY CHAMBERLAIN","TOBY M. HARDING"
"WH279","DOREL B. KYNASTON","JANET LUNT","skipped","skipped"
"WH280","JANET LUNT","TOBY M. HARDING","skipped","skipped"
"WH281","DOREL B. KYNASTON","JANET LUNT","CODY CHAMBERLAIN","TOBY M. HARDING"
"WH282","JANET LUNT","DOREL B. KYNASTON","CODY CHAMBERLAIN","skipped"
"WH283","JANET LUNT","CODY CHAMBERLAIN","skipped","skipped"
"WH284","DOREL B. KYNASTON","JANET LUNT","CODY CHAMBERLAIN","TOBY M. HARDING"
"WH285","TOBY M. HARDING","skipped","skipped","skipped"
"WH286","CODY CHAMBERLAIN","JANET LUNT","TOBY M. HARDING","DOREL B. KYNASTON"
"WH287","DOREL B. KYNASTON","JANET LUNT","TOBY M. HARDING","skipped"
"WH288","DOREL B. KYNASTON","JANET LUNT","TOBY M. HARDING","CODY CHAMBERLAIN"
"WH289","JANET LUNT","DOREL B. KYNASTON","CODY CHAMBERLAIN","TOBY M. HARDING"
"WH290","TOBY M. HARDING","DOREL B. KYNASTON","JANET LUNT","DOREL B. KYNASTON"
"WH291","JANET LUNT","TOBY M. HARDING","skipped","skipped"
"WH292","TOBY M. HARDING","skipped","skipped","skipped"
"WH293","TOBY M. HARDING","skipped","skipped","skipped"
"WH294","TOBY M. HARDING","JANET LUNT","CODY CHAMBERLAIN","DOREL B. KYNASTON"
"WH295","TOBY M. HARDING","DOREL B. KYNASTON","skipped","skipped"
"WH296","JANET LUNT","TOBY M. HARDING","CODY CHAMBERLAIN","DOREL B. KYNASTON"
"WH297","DOREL B. KYNASTON","JANET LUNT","skipped","skipped"
"WH298","JANET LUNT","TOBY M. HARDING","CODY CHAMBERLAIN","DOREL B. KYNASTON"
"WH299","DOREL B. KYNASTON","JANET LUNT","skipped","skipped"
"WH300","DOREL B. KYNASTON","JANET LUNT","skipped","skipped"
"WH301","JANET LUNT","TOBY M. HARDING","skipped","skipped"
"WH302","DOREL B. KYNASTON","TOBY M. HARDING","JANET LUNT","CODY CHAMBERLAIN"
"WH303","TOBY M. HARDING","skipped","skipped","skipped"
"WH304","DOREL B. KYNASTON","JANET LUNT","TOBY M. HARDING","CODY CHAMBERLAIN"
"WH305","DOREL B. KYNASTON","JANET LUNT","TOBY M. HARDING","CODY CHAMBERLAIN"
"WH306","TOBY M. HARDING","JANET LUNT","DOREL B. KYNASTON","CODY CHAMBERLAIN"
"WH307","DOREL B. KYNASTON","skipped","skipped","skipped"
"WH308","CODY CHAMBERLAIN","JANET LUNT","DOREL B. KYNASTON","TOBY M. HARDING"
"WH309","JANET LUNT","DOREL B. KYNASTON","TOBY M. HARDING","CODY CHAMBERLAIN"
"WH310","JANET LUNT","DOREL B. KYNASTON","CODY CHAMBERLAIN","TOBY M. HARDING"
"WH311","DOREL B. KYNASTON","TOBY M. HARDING","JANET LUNT","CODY CHAMBERLAIN"
"WH312","DOREL B. KYNASTON","TOBY M. HARDING","JANET LUNT","CODY CHAMBERLAIN"
"WH313","JANET LUNT","TOBY M. HARDING","DOREL B. KYNASTON","CODY CHAMBERLAIN"
"WH314","DOREL B. KYNASTON","CODY CHAMBERLAIN","JANET LUNT","TOBY M. HARDING"
"WH315","TOBY M. HARDING","JANET LUNT","CODY CHAMBERLAIN","DOREL B. KYNASTON"
"WH316","TOBY M. HARDING","CODY CHAMBERLAIN","JANET LUNT","skipped"
"WH317","TOBY M. HARDING","JANET LUNT","DOREL B. KYNASTON","CODY CHAMBERLAIN"
"WH318","DOREL B. KYNASTON","CODY CHAMBERLAIN","TOBY M. HARDING","JANET LUNT"
"WH319","TOBY M. HARDING","skipped","skipped","skipped"
"WH320","JANET LUNT","DOREL B. KYNASTON","skipped","skipped"
"WH321","TOBY M. HARDING","skipped","skipped","skipped"
"WH322","TOBY M. HARDING","JANET LUNT","DOREL B. KYNASTON","CODY CHAMBERLAIN"
"WH323","JANET LUNT","CODY CHAMBERLAIN","DOREL B. KYNASTON","TOBY M. HARDING"
"WH324","JANET LUNT","DOREL B. KYNASTON","CODY CHAMBERLAIN","TOBY M. HARDING"
"WH325","JANET LUNT","CODY CHAMBERLAIN","DOREL B. KYNASTON","TOBY M. HARDING"
"WH326","JANET LUNT","CODY CHAMBERLAIN","DOREL B. KYNASTON","TOBY M. HARDING"
"WH327","JANET LUNT","CODY CHAMBERLAIN","skipped","skipped"
"WH328","JANET LUNT","DOREL B. KYNASTON","TOBY M. HARDING","CODY CHAMBERLAIN"
"WH329","JANET LUNT","skipped","skipped","skipped"
"WH330","JANET LUNT","DOREL B. KYNASTON","skipped","skipped"
"WH331","JANET LUNT","DOREL B. KYNASTON","skipped","skipped"
"WH332","TOBY M. HARDING","skipped","skipped","skipped"
"WH333","CODY CHAMBERLAIN","JANET LUNT","DOREL B. KYNASTON","TOBY M. HARDING"
"WH334","TOBY M. HARDING","JANET LUNT","DOREL B. KYNASTON","CODY CHAMBERLAIN"
"WH335","TOBY M. HARDING","JANET LUNT","DOREL B. KYNASTON","CODY CHAMBERLAIN"
"WH336","TOBY M. HARDING","JANET LUNT","DOREL B. KYNASTON","CODY CHAMBERLAIN"
"WH337","CODY CHAMBERLAIN","JANET LUNT","DOREL B. KYNASTON","TOBY M. HARDING"
"WH338","JANET LUNT","DOREL B. KYNASTON","TOBY M. HARDING","CODY CHAMBERLAIN"
"WH339","JANET LUNT","CODY CHAMBERLAIN","DOREL B. KYNASTON","CODY CHAMBERLAIN"
"WH340","DOREL B. KYNASTON","TOBY M. HARDING","CODY CHAMBERLAIN","JANET LUNT"
"WH341","JANET LUNT","CODY CHAMBERLAIN","DOREL B. KYNASTON","TOBY M. HARDING"
"WH342","TOBY M. HARDING","DOREL B. KYNASTON","CODY CHAMBERLAIN","JANET LUNT"
"WH343","TOBY M. HARDING","skipped","skipped","skipped"
"WH344","JANET LUNT","CODY CHAMBERLAIN","DOREL B. KYNASTON","TOBY M. HARDING"
"WH345","JANET LUNT","CODY CHAMBERLAIN","DOREL B. KYNASTON","skipped"
"WH346","JANET LUNT","TOBY M. HARDING","DOREL B. KYNASTON","CODY CHAMBERLAIN"
"WH347","CODY CHAMBERLAIN","JANET LUNT","skipped","skipped"
"WH348","DOREL B. KYNASTON","JANET LUNT","skipped","skipped"
"WH349","JANET LUNT","CODY CHAMBERLAIN","DOREL B. KYNASTON","TOBY M. HARDING"
"WH350","JANET LUNT","TOBY M. HARDING","DOREL B. KYNASTON","CODY CHAMBERLAIN"
"WH351","JANET LUNT","CODY CHAMBERLAIN","DOREL B. KYNASTON","TOBY M. HARDING"
"WH352","TOBY M. HARDING","skipped","skipped","skipped"
"WH353","TOBY M. HARDING","skipped","skipped","skipped"
"WH354","JANET LUNT","TOBY M. HARDING","DOREL B. KYNASTON","CODY CHAMBERLAIN"
"WH355","TOBY M. HARDING","JANET LUNT","skipped","skipped"
"WH356","DOREL B. KYNASTON","JANET LUNT","TOBY M. HARDING","CODY CHAMBERLAIN"
"WH357","JANET LUNT","CODY CHAMBERLAIN","DOREL B. KYNASTON","skipped"
"WH358","TOBY M. HARDING","CODY CHAMBERLAIN","JANET LUNT","skipped"
"WH359","JANET LUNT","DOREL B. KYNASTON","CODY CHAMBERLAIN","TOBY M. HARDING"
"WH360","JANET LUNT","skipped","skipped","skipped"
"WH361","JANET LUNT","DOREL B. KYNASTON","skipped","skipped"
"WH362","TOBY M. HARDING","CODY CHAMBERLAIN","DOREL B. KYNASTON","JANET LUNT"
"WH363","CODY CHAMBERLAIN","TOBY M. HARDING","JANET LUNT","DOREL B. KYNASTON"
"WH364","TOBY M. HARDING","CODY CHAMBERLAIN","DOREL B. KYNASTON","JANET LUNT"
"WH365","TOBY M. HARDING","DOREL B. KYNASTON","JANET LUNT","CODY CHAMBERLAIN"
"WH366","JANET LUNT","DOREL B. KYNASTON","skipped","skipped"
"WH367","TOBY M. HARDING","CODY CHAMBERLAIN","DOREL B. KYNASTON","skipped"
"WH368","JANET LUNT","DOREL B. KYNASTON","skipped","skipped"
"WH369","TOBY M. HARDING","CODY CHAMBERLAIN","DOREL B. KYNASTON","JANET LUNT"
"WH370","JANET LUNT","DOREL B. KYNASTON","skipped","skipped"
"WH371","TOBY M. HARDING","CODY CHAMBERLAIN","skipped","skipped"
"WH372","JANET LUNT","DOREL B. KYNASTON","skipped","skipped"
"WH373","DOREL B. KYNASTON","JANET LUNT","CODY CHAMBERLAIN","TOBY M. HARDING"
"WH374","DOREL B. KYNASTON","JANET LUNT","CODY CHAMBERLAIN","skipped"
"WH375","JANET LUNT","CODY CHAMBERLAIN","DOREL B. KYNASTON","TOBY M. HARDING"
"WH376","overvote","skipped","skipped","skipped"
"WH377","JANET LUNT","CODY CHAMBERLAIN","DOREL B. KYNASTON","TOBY M. HARDING"
"WH378","JANET LUNT","TOBY M. HARDING","CODY CHAMBERLAIN","DOREL B. KYNASTON"
"WH379","JANET LUNT","CODY CHAMBERLAIN","DOREL B. KYNASTON","TOBY M. HARDING"
"WH380","TOBY M. HARDING","CODY CHAMBERLAIN","JANET LUNT","DOREL B. KYNASTON"
"WH381","CODY CHAMBERLAIN","JANET LUNT","TOBY M. HARDING","DOREL B. KYNASTON"
"WH382","JANET LUNT","TOBY M. HARDING","CODY CHAMBERLAIN","DOREL B. KYNASTON"
"WH383","DOREL B. KYNASTON","TOBY M. HARDING","JANET LUNT","CODY CHAMBERLAIN"
"WH384","CODY CHAMBERLAIN","skipped","skipped","skipped"
"WH385","JANET LUNT","DOREL B. KYNASTON","CODY CHAMBERLAIN","skipped"
"WH386","CODY CHAMBERLAIN","JANET LUNT","TOBY M. HARDING","DOREL B. KYNASTON"
"WH387","JANET LUNT","CODY CHAMBERLAIN","DOREL B. KYNASTON","TOBY M. HARDING"
"WH388","JANET LUNT","CODY CHAMBERLAIN","DOREL B. KYNASTON","skipped"
"WH389","TOBY M. HARDING","CODY CHAMBERLAIN","DOREL B. KYNASTON","JANET LUNT"
"WH390","JANET LUNT","DOREL B. KYNASTON","CODY CHAMBERLAIN","TOBY M. HARDING"
"WH391","DOREL B. KYNASTON","JANET LUNT","TOBY M. HARDING","CODY CHAMBERLAIN"
"WH392","TOBY M. HARDING","CODY CHAMBERLAIN","DOREL B. KYNASTON","JANET LUNT"
"WH393","JANET LUNT","DOREL B. KYNASTON","CODY CHAMBERLAIN","skipped"
"WH394","TOBY M. HARDING","CODY CHAMBERLAIN","JANET LUNT","skipped"
"WH395","JANET LUNT","TOBY M. HARDING","DOREL B. KYNASTON","CODY CHAMBERLAIN"
"WH396","JANET LUNT","TOBY M. HARDING","DOREL B. KYNASTON","CODY CHAMBERLAIN"
"WH397","DOREL B. KYNASTON","TOBY M. HARDING","CODY CHAMBERLAIN","JANET LUNT"
"WH398","DOREL B. KYNASTON","JANET LUNT","CODY CHAMBERLAIN","TOBY M. HARDING"
"WH399","JANET LUNT","DOREL B. KYNASTON","TOBY M. HARDING","CODY CHAMBERLAIN"
"WH400","JANET LUNT","CODY CHAMBERLAIN","DOREL B. KYNASTON","skipped"
"WH401","TOBY M. HARDING","CODY CHAMBERLAIN","DOREL B. KYNASTON","JANET LUNT"
"WH402","TOBY M. HARDING","skipped","skipped","skipped"
"WH403","TOBY M. HARDING","JANET LUNT","CODY CHAMBERLAIN","DOREL B. KYNASTON"
"WH404","CODY CHAMBERLAIN","DOREL B. KYNASTON","TOBY M. HARDING","JANET LUNT"
"WH405","TOBY M. HARDING","CODY CHAMBERLAIN","DOREL B. KYNASTON","JANET LUNT"
"WH406","TOBY M. HARDING","skipped","skipped","skipped"
"WH407","TOBY M. HARDING","CODY CHAMBERLAIN","skipped","skipped"
"WH408","DOREL B. KYNASTON","JANET LUNT","CODY CHAMBERLAIN","TOBY M. HARDING"
"WH409","DOREL B. KYNASTON","JANET LUNT","CODY CHAMBERLAIN","TOBY M. HARDING"
"WH410","JANET LUNT","DOREL B. KYNASTON","CODY CHAMBERLAIN","skipped"
"WH411","DOREL B. KYNASTON","JANET LUNT","CODY CHAMBERLAIN","TOBY M. HARDING"
"WH412","JANET LUNT","TOBY M. HARDING","DOREL B. KYNASTON","CODY CHAMBERLAIN"
"WH413","JANET LUNT","CODY CHAMBERLAIN","TOBY M. HARDING","DOREL B. KYNASTON"
"WH414","DOREL B. KYNASTON","JANET LUNT","CODY CHAMBERLAIN","TOBY M. HARDING"
"WH415","TOBY M. HARDING","skipped","skipped","skipped"
"WH416","CODY CHAMBERLAIN","JANET LUNT","DOREL B. KYNASTON","skipped"
"WH417","DOREL B. KYNASTON","CODY CHAMBERLAIN","JANET LUNT","TOBY M. HARDING"
"WH418","JANET LUNT","CODY CHAMBERLAIN","DOREL B. KYNASTON","TOBY M. HARDING"
"WH419","DOREL B. KYNASTON","JANET LUNT","CODY CHAMBERLAIN","TOBY M. HARDING"
"WH420","TOBY M. HARDING","skipped","skipped","skipped"
"WH421","JANET LUNT","CODY CHAMBERLAIN","DOREL B. KYNASTON","TOBY M. HARDING"
"WH422","CODY CHAMBERLAIN","JANET LUNT","TOBY M. HARDING","DOREL B. KYNASTON"
"WH423","JANET LUNT","CODY CHAMBERLAIN","DOREL B. KYNASTON","TOBY M. HARDING"
"WH424","TOBY M. HARDING","CODY CHAMBERLAIN","JANET LUNT","DOREL B. KYNASTON"
"WH425","JANET LUNT","CODY CHAMBERLAIN","DOREL B. KYNASTON","TOBY M. HARDING"
"WH426","TOBY M. HARDING","CODY CHAMBERLAIN","JANET LUNT","DOREL B. KYNASTON"
"WH427","CODY CHAMBERLAIN","JANET LUNT","DOREL B. KYNASTON","JANET LUNT"
"WH428","DOREL B. KYNASTON","CODY CHAMBERLAIN","TOBY M. HARDING","JANET LUNT"
"WH429","JANET LUNT","CODY CHAMBERLAIN","TOBY M. HARDING","DOREL B. KYNASTON"
"WH430","TOBY M. HARDING","JANET LUNT","CODY CHAMBERLAIN","DOREL B. KYNASTON"
"WH431","TOBY M. HARDING","CODY CHAMBERLAIN","DOREL B. KYNASTON","JANET LUNT"
"WH432","TOBY M. HARDING","JANET LUNT","CODY CHAMBERLAIN","DOREL B. KYNASTON"
"WH433","JANET LUNT","CODY CHAMBERLAIN","TOBY M. HARDING","DOREL B. KYNASTON"
"WH434","JANET LUNT","CODY CHAMBERLAIN","DOREL B. KYNASTON","TOBY M. HARDING"
"WH435","TOBY M. HARDING","CODY CHAMBERLAIN","DOREL B. KYNASTON","JANET LUNT"
"WH436","TOBY M. HARDING","DOREL B. KYNASTON","JANET LUNT","CODY CHAMBERLAIN"
"WH437","DOREL B. KYNASTON","JANET LUNT","TOBY M. HARDING","CODY CHAMBERLAIN"
"WH438","JANET LUNT","TOBY M. HARDING","CODY CHAMBERLAIN","DOREL B. KYNASTON"
"WH439","DOREL B. KYNASTON","skipped","skipped","skipped"
"WH440","DOREL B. KYNASTON","JANET LUNT","TOBY M. HARDING","CODY CHAMBERLAIN"
"WH441","JANET LUNT","CODY CHAMBERLAIN","TOBY M. HARDING","DOREL B. KYNASTON"
"WH442","JANET LUNT","CODY CHAMBERLAIN","DOREL B. KYNASTON","TOBY M. HARDING"
"WH443","JANET LUNT","CODY CHAMBERLAIN","TOBY M. HARDING","DOREL B. KYNASTON"
"WH444","TOBY M. HARDING","CODY CHAMBERLAIN","skipped","skipped"
"WH445","DOREL B. KYNASTON","JANET LUNT","TOBY M. HARDING","CODY CHAMBERLAIN"
"WH446","JANET LUNT","DOREL B. KYNASTON","CODY CHAMBERLAIN","TOBY M. HARDING"
"WH447","TOBY M. HARDING","DOREL B. KYNASTON","JANET LUNT","skipped"
"WH448","TOBY M. HARDING","DOREL B. KYNASTON","CODY CHAMBERLAIN","JANET LUNT"
"WH449","JANET LUNT","CODY CHAMBERLAIN","skipped","skipped"
"WH450","JANET LUNT","DOREL B. KYNASTON","skipped","skipped"
"WH451","DOREL B. KYNASTON","JANET LUNT","skipped","skipped"
"WH452","TOBY M. HARDING","CODY CHAMBERLAIN","JANET LUNT","DOREL B. KYNASTON"
"WH453","TOBY M. HARDING","JANET LUNT","DOREL B. KYNASTON","skipped"
"WH454","JANET LUNT","TOBY M. HARDING","skipped","skipped"
"WH455","JANET LUNT","DOREL B. KYNASTON","TOBY M. HARDING","CODY CHAMBERLAIN"
"WH456","DOREL B. KYNASTON","TOBY M. HARDING","CODY CHAMBERLAIN","JANET LUNT"
"WH457","DOREL B. KYNASTON","JANET LUNT","TOBY M. HARDING","CODY CHAMBERLAIN"
"WH458","DOREL B. KYNASTON","CODY CHAMBERLAIN","JANET LUNT","skipped"
"WH459","TOBY M. HARDING","DOREL B. KYNASTON","CODY CHAMBERLAIN","JANET LUNT"
"WH460","JANET LUNT","DOREL B. KYNASTON","CODY CHAMBERLAIN","TOBY M. HARDING"
"WH461","DOREL B. KYNASTON","CODY CHAMBERLAIN","JANET LUNT","skipped"
"WH462","DOREL B. KYNASTON","JANET LUNT","TOBY M. HARDING","CODY CHAMBERLAIN"
"WH463","TOBY M. HARDING","skipped","skipped","skipped"
"WH464","DOREL B. KYNASTON","JANET LUNT","skipped","skipped"
"WH465","TOBY M. HARDING","CODY CHAMBERLAIN","DOREL B. KYNASTON","JANET LUNT"
"WH466","CODY CHAMBERLAIN","skipped","skipped","skipped"
"WH467","JANET LUNT","CODY CHAMBERLAIN","DOREL B. KYNASTON","TOBY M. HARDING"
"WH468","TOBY M. HARDING","skipped","skipped","skipped"
"WH469","TOBY M. HARDING","CODY CHAMBERLAIN","DOREL B. KYNASTON","JANET LUNT"
"WH470","TOBY M. HARDING","CODY CHAMBERLAIN","DOREL B. KYNASTON","JANET LUNT"
"WH471","CODY CHAMBERLAIN","JANET LUNT","DOREL B. KYNASTON","skipped"
"WH472","TOBY M. HARDING","CODY CHAMBERLAIN","DOREL B. KYNASTON","JANET LUNT"
"WH473","JANET LUNT","TOBY M. HARDING","CODY CHAMBERLAIN","DOREL B. KYNASTON"
"WH474","DOREL B. KYNASTON","TOBY M. HARDING","JANET LUNT","CODY CHAMBERLAIN"
"WH475","JANET LUNT","DOREL B. KYNASTON","TOBY M. HARDING","CODY CHAMBERLAIN"
"WH476","CODY CHAMBERLAIN","TOBY M. HARDING","JANET LUNT","DOREL B. KYNASTON"
"WH477","TOBY M. HARDING","JANET LUNT","CODY CHAMBERLAIN","skipped"
"WH478","TOBY M. HARDING","JANET LUNT","CODY CHAMBERLAIN","DOREL B. KYNASTON"
"WH479","TOBY M. HARDING","JANET LUNT","CODY CHAMBERLAIN","skipped"
"WH480","JANET LUNT","TOBY M. HARDING","CODY CHAMBERLAIN","DOREL B. KYNASTON"
"WH481","DOREL B. KYNASTON","TOBY M. HARDING","JANET LUNT","CODY CHAMBERLAIN"
"WH482","DOREL B. KYNASTON","skipped","skipped","skipped"
"WH483","DOREL B. KYNASTON","TOBY M. HARDING","CODY CHAMBERLAIN","skipped"
"WH484","DOREL B. KYNASTON","TOBY M. HARDING","JANET LUNT","CODY CHAMBERLAIN"
"WH485","TOBY M. HARDING","JANET LUNT","CODY CHAMBERLAIN","DOREL B. KYNASTON"
"WH486","JANET LUNT","TOBY M. HARDING","CODY CHAMBERLAIN","DOREL B. KYNASTON"
"WH487","TOBY M. HARDING","JANET LUNT","CODY CHAMBERLAIN","DOREL B. KYNASTON"
"WH488","TOBY M. HARDING","JANET LUNT","CODY CHAMBERLAIN","DOREL B. KYNASTON"
"WH489","TOBY M. HARDING","CODY CHAMBERLAIN","skipped","skipped"
"WH490","JANET LUNT","DOREL B. KYNASTON","TOBY M. HARDING","CODY CHAMBERLAIN"
"WH491","DOREL B. KYNASTON","JANET LUNT","skipped","skipped"
"WH492","DOREL B. KYNASTON","JANET LUNT","skipped","skipped"
"WH493","TOBY M. HARDING","skipped","skipped","skipped"
"WH494","DOREL B. KYNASTON","JANET LUNT","skipped","skipped"
"WH495","TOBY M. HARDING","CODY CHAMBERLAIN","JANET LUNT","DOREL B. KYNASTON"
"WH496","overvote","skipped","skipped","skipped"
"WH497","TOBY M. HARDING","DOREL B. KYNASTON","skipped","skipped"
"WH498","DOREL B. KYNASTON","CODY CHAMBERLAIN","JANET LUNT","TOBY M. HARDING"
"WH499","TOBY M. HARDING","JANET LUNT","DOREL B. KYNASTON","CODY CHAMBERLAIN"
"WH500","overvote","skipped","skipped","skipped"
"WH501","DOREL B. KYNASTON","CODY CHAMBERLAIN","TOBY M. HARDING","JANET LUNT"
"WH502","DOREL B. KYNASTON","JANET LUNT","skipped","skipped"
"WH503","DOREL B. KYNASTON","CODY CHAMBERLAIN","JANET LUNT","TOBY M. HARDING"
"WH504","TOBY M. HARDING","DOREL B. KYNASTON","CODY CHAMBERLAIN","JANET LUNT"
"WH505","DOREL B. KYNASTON","JANET LUNT","TOBY M. HARDING","CODY CHAMBERLAIN"
"WH506","TOBY M. HARDING","JANET LUNT","DOREL B. KYNASTON","CODY CHAMBERLAIN"
"WH507","TOBY M. HARDING","DOREL B. KYNASTON","JANET LUNT","CODY CHAMBERLAIN"
"WH508","TOBY M. HARDING","skipped","JANET LUNT","DOREL B. KYNASTON"
"WH509","JANET LUNT","CODY CHAMBERLAIN","DOREL B. KYNASTON","skipped"
"WH510","DOREL B. KYNASTON","CODY CHAMBERLAIN","JANET LUNT","TOBY M. HARDING"
"WH511","JANET LUNT","CODY CHAMBERLAIN","DOREL B. KYNASTON","skipped"
"WH512","JANET LUNT","TOBY M. HARDING","CODY CHAMBERLAIN","DOREL B. KYNASTON"
"WH513","overvote","skipped","skipped","skipped"
"WH514","JANET LUNT","CODY CHAMBERLAIN","DOREL B. KYNASTON","skipped"
"WH515","CODY CHAMBERLAIN","skipped","skipped","skipped"
"WH516","DOREL B. KYNASTON","TOBY M. HARDING","JANET LUNT","CODY CHAMBERLAIN"
"WH517","DOREL B. KYNASTON","JANET LUNT","TOBY M. HARDING","CODY CHAMBERLAIN"
"WH518","DOREL B. KYNASTON","JANET LUNT","skipped","skipped"
"WH519","CODY CHAMBERLAIN","JANET LUNT","skipped","skipped"
"WH520","JANET LUNT","DOREL B. KYNASTON","CODY CHAMBERLAIN","TOBY M. HARDING"
"WH521","TOBY M. HARDING","CODY CHAMBERLAIN","DOREL B. KYNASTON","JANET LUNT"
"WH522","JANET LUNT","DOREL B. KYNASTON","CODY CHAMBERLAIN","TOBY M. HARDING"
"WH523","DOREL B. KYNASTON","TOBY M. HARDING","CODY CHAMBERLAIN","JANET LUNT"
"WH524","JANET LUNT","DOREL B. KYNASTON","CODY CHAMBERLAIN","TOBY M. HARDING"
"WH525","JANET LUNT","TOBY M. HARDING","CODY CHAMBERLAIN","DOREL B. KYNASTON"
"WH526","JANET LUNT","DOREL B. KYNASTON","CODY CHAMBERLAIN","TOBY M. HARDING"
"WH527","JANET LUNT","DOREL B. KYNASTON","CODY CHAMBERLAIN","TOBY M. HARDING"
"WH528","JANET LUNT","DOREL B. KYNASTON","CODY CHAMBERLAIN","skipped"
"WH529","JANET LUNT","TOBY M. HARDING","CODY CHAMBERLAIN","DOREL B. KYNASTON"
"WH530","TOBY M. HARDING","DOREL B. KYNASTON","CODY CHAMBERLAIN","JANET LUNT"
"WH531","JANET LUNT","CODY CHAMBERLAIN","DOREL B. KYNASTON","skipped"
"WH532","JANET LUNT","CODY CHAMBERLAIN","DOREL B. KYNASTON","skipped"
"WH533","JANET LUNT","TOBY M. HARDING","CODY CHAMBERLAIN","DOREL B. KYNASTON"
"WH534","DOREL B. KYNASTON","JANET LUNT","CODY CHAMBERLAIN","skipped"
"WH535","JANET LUNT","DOREL B. KYNASTON","skipped","skipped"
"WH536","TOBY M. HARDING","CODY CHAMBERLAIN","skipped","skipped"
"WH537","DOREL B. KYNASTON","JANET LUNT","CODY CHAMBERLAIN","TOBY M. HARDING"
"WH538","JANET LUNT","TOBY M. HARDING","CODY CHAMBERLAIN","DOREL B. KYNASTON"
"WH539","CODY CHAMBERLAIN","JANET LUNT","DOREL B. KYNASTON","TOBY M. HARDING"
"WH540","JANET LUNT","DOREL B. KYNASTON","TOBY M. HARDING","CODY CHAMBERLAIN"
"WH541","TOBY M. HARDING","CODY CHAMBERLAIN","JANET LUNT","DOREL B. KYNASTON"
"WH542","JANET LUNT","TOBY M. HARDING","skipped","skipped"
"WH543","JANET LUNT","CODY CHAMBERLAIN","DOREL B. KYNASTON","skipped"
"WH544","CODY CHAMBERLAIN","TOBY M. HARDING","DOREL B. KYNASTON","JANET LUNT"
"WH545","JANET LUNT","CODY CHAMBERLAIN","DOREL B. KYNASTON","TOBY M. HARDING"
"WH546","JANET LUNT","skipped","skipped","skipped"
"WH547","TOBY M. HARDING","JANET LUNT","CODY CHAMBERLAIN","DOREL B. KYNASTON"
"WH548","JANET LUNT","DOREL B. KYNASTON","CODY CHAMBERLAIN","TOBY M. HARDING"
"WH549","TOBY M. HARDING","DOREL B. KYNASTON","JANET LUNT","CODY CHAMBERLAIN"
"WH550","TOBY M. HARDING","CODY CHAMBERLAIN","JANET LUNT","DOREL B. KYNASTON"
"WH551","JANET LUNT","CODY CHAMBERLAIN","DOREL B. KYNASTON","TOBY M. HARDING"
"WH552","CODY CHAMBERLAIN","JANET LUNT","DOREL B. KYNASTON","TOBY M. HARDING"
"WH553","overvote","skipped","skipped","skipped"
"WH554","JANET LUNT","DOREL B. KYNASTON","CODY CHAMBERLAIN","skipped"
"WH555","DOREL B. KYNASTON","TOBY M. HARDING","JANET LUNT","CODY CHAMBERLAIN"
"WH556","TOBY M. HARDING","DOREL B. KYNASTON","CODY CHAMBERLAIN","JANET LUNT"
"WH557","JANET LUNT","CODY CHAMBERLAIN","DOREL B. KYNASTON","TOBY M. HARDING"
"WH558","TOBY M. HARDING","CODY CHAMBERLAIN","DOREL B. KYNASTON","JANET LUNT"
"WH559","DOREL B. KYNASTON","JANET LUNT","TOBY M. HARDING","CODY CHAMBERLAIN"
"WH560","JANET LUNT","CODY CHAMBERLAIN","TOBY M. HARDING","DOREL B. KYNASTON"
"WH561","JANET LUNT","DOREL B. KYNASTON","skipped","skipped"
"WH562","JANET LUNT","TOBY M. HARDING","DOREL B. KYNASTON","CODY CHAMBERLAIN"
"WH563","JANET LUNT","DOREL B. KYNASTON","skipped","skipped"
"WH564","JANET LUNT","DOREL B. KYNASTON","CODY CHAMBERLAIN","skipped"
"WH565","DOREL B. KYNASTON","JANET LUNT","skipped","skipped"
"WH566","JANET LUNT","DOREL B. KYNASTON","TOBY M. HARDING","skipped"
"WH567","DOREL B. KYNASTON","JANET LUNT","skipped","skipped"
"WH568","JANET LUNT","DOREL B. KYNASTON","skipped","skipped"
"WH569","DOREL B. KYNASTON","JANET LUNT","skipped","skipped"
"WH570","JANET LUNT","DOREL B. KYNASTON","CODY CHAMBERLAIN","TOBY M. HARDING"
"WH571","DOREL B. KYNASTON","JANET LUNT","CODY CHAMBERLAIN","TOBY M. HARDING"
"WH572","DOREL B. KYNASTON","JANET LUNT","skipped","skipped"
"WH573","DOREL B. KYNASTON","JANET LUNT","skipped","skipped"
"WH574","TOBY M. HARDING","DOREL B. KYNASTON","JANET LUNT","CODY CHAMBERLAIN"
"WH575","TOBY M. HARDING","skipped","skipped","skipped"
"WH576","JANET LUNT","CODY CHAMBERLAIN","TOBY M. HARDING","DOREL B. KYNASTON"
"WH577","TOBY M. HARDING","CODY CHAMBERLAIN","JANET LUNT","DOREL B. KYNASTON"
"WH578","DOREL B. KYNASTON","TOBY M. HARDING","JANET LUNT","CODY CHAMBERLAIN"
"WH579","DOREL B. KYNASTON","JANET LUNT","skipped","skipped"
"WH580","TOBY M. HARDING","skipped","skipped","skipped"
"WH581","DOREL B. KYNASTON","JANET LUNT","skipped","skipped"
"WH582","TOBY M. HARDING","skipped","skipped","skipped"
"WH583","CODY CHAMBERLAIN","TOBY M. HARDING","JANET LUNT","DOREL B. KYNASTON"
"WH584","JANET LUNT","CODY CHAMBERLAIN","DOREL B. KYNASTON","TOBY M. HARDING"
"WH585","TOBY M. HARDING","CODY CHAMBERLAIN","JANET LUNT","DOREL B. KYNASTON"
"WH586","TOBY M. HARDING","CODY CHAMBERLAIN","JANET LUNT","DOREL B. KYNASTON"
"WH587","JANET LUNT","DOREL B. KYNASTON","TOBY M. HARDING","CODY CHAMBERLAIN"
"WH588","CODY CHAMBERLAIN","TOBY M. HARDING","DOREL B. KYNASTON","JANET LUNT"
"WH589","TOBY M. HARDING","skipped","skipped","skipped"
"WH590","CODY CHAMBERLAIN","JANET LUNT","DOREL B. KYNASTON","TOBY M. HARDING"
"WH591","JANET LUNT","TOBY M. HARDING","CODY CHAMBERLAIN","DOREL B. KYNASTON"
"WH592","JANET LUNT","CODY CHAMBERLAIN","DOREL B. KYNASTON","TOBY M. HARDING"
"WH593","JANET LUNT","TOBY M. HARDING","CODY CHAMBERLAIN","DOREL B. KYNASTON"
"WH594","JANET LUNT","skipped","skipped","skipped"
"WH595","JANET LUNT","skipped","skipped","skipped"
"WH596","JANET LUNT","skipped","skipped","skipped"
"WH597","JANET LUNT","skipped","skipped","skipped"
"WH598","JANET LUNT","DOREL B. KYNASTON","skipped","skipped"
"WH599","JANET LUNT","DOREL B. KYNASTON","skipped","skipped"
"WH600","JANET LUNT","DOREL B. KYNASTON","CODY CHAMBERLAIN","TOBY M. HARDING"
"WH601","JANET LUNT","DOREL B. KYNASTON","CODY CHAMBERLAIN","TOBY M. HARDING"
"WH602","DOREL B. KYNASTON","TOBY M. HARDING","skipped","skipped"
"WH603","JANET LUNT","DOREL B. KYNASTON","TOBY M. HARDING","skipped"
"WH604","JANET LUNT","CODY CHAMBERLAIN","skipped","skipped"
"WH605","JANET LUNT","CODY CHAMBERLAIN","skipped","skipped"
"WH606","DOREL B. KYNASTON","JANET LUNT","skipped","skipped"
"WH607","DOREL B. KYNASTON","TOBY M. HARDING","JANET LUNT","CODY CHAMBERLAIN"
"WH608","DOREL B. KYNASTON","TOBY M. HARDING","skipped","skipped"
"WH609","CODY CHAMBERLAIN","JANET LUNT","DOREL B. KYNASTON","skipped"
"WH610","JANET LUNT","TOBY M. HARDING","CODY CHAMBERLAIN","DOREL B. KYNASTON"
"WH611","JANET LUNT","DOREL B. KYNASTON","TOBY M. HARDING","CODY CHAMBERLAIN"
"WH612","TOBY M. HARDING","skipped","skipped","skipped"
"WH613","DOREL B. KYNASTON","skipped","skipped","skipped"
"WH614","CODY CHAMBERLAIN","JANET LUNT","DOREL B. KYNASTON","skipped"
"WH615","TOBY M. HARDING","CODY CHAMBERLAIN","DOREL B. KYNASTON","JANET LUNT"
"WH616","JANET LUNT","TOBY M. HARDING","DOREL B. KYNASTON","CODY CHAMBERLAIN"
"WH617","DOREL B. KYNASTON","CODY CHAMBERLAIN","skipped","skipped"
"WH618","overvote","skipped","DOREL B. KYNASTON","skipped"
"WH619","TOBY M. HARDING","skipped","skipped","skipped"
"WH620","DOREL B. KYNASTON","JANET LUNT","TOBY M. HARDING","CODY CHAMBERLAIN"
"WH621","CODY CHAMBERLAIN","JANET LUNT","DOREL B. KYNASTON","skipped"
"WH622","JANET LUNT","DOREL B. KYNASTON","TOBY M. HARDING","CODY CHAMBERLAIN"
"WH623","JANET LUNT","TOBY M. HARDING","CODY CHAMBERLAIN","DOREL B. KYNASTON"
"WH624","JANET LUNT","DOREL B. KYNASTON","TOBY M. HARDING","CODY CHAMBERLAIN"
"WH625","JANET LUNT","TOBY M. HARDING","DOREL B. KYNASTON","CODY CHAMBERLAIN"
"WH626","DOREL B. KYNASTON","JANET LUNT","TOBY M. HARDING","CODY CHAMBERLAIN"
"WH627","JANET LUNT","TOBY M. HARDING","DOREL B. KYNASTON","CODY CHAMBERLAIN"
"WH628","TOBY M. HARDING","JANET LUNT","DOREL B. KYNASTON","CODY CHAMBERLAIN"
"WH629","DOREL B. KYNASTON","TOBY M. HARDING","CODY CHAMBERLAIN","JANET LUNT"
"WH630","JANET LUNT","DOREL B. KYNASTON","CODY CHAMBERLAIN","skipped"
"WH631","JANET LUNT","DOREL B. KYNASTON","skipped","skipped"
"WH632","JANET LUNT","DOREL B. KYNASTON","CODY CHAMBERLAIN","TOBY M. HARDING"
"WH633","TOBY M. HARDING","JANET LUNT","skipped","skipped"
"WH634","DOREL B. KYNASTON","JANET LUNT","CODY CHAMBERLAIN","skipped"
"WH635","DOREL B. KYNASTON","JANET LUNT","skipped","skipped"
"WH636","DOREL B. KYNASTON","JANET LUNT","CODY CHAMBERLAIN","skipped"
"WH637","DOREL B. KYNASTON","JANET LUNT","CODY CHAMBERLAIN","TOBY M. HARDING"
"WH638","JANET LUNT","CODY CHAMBERLAIN","DOREL B. KYNASTON","TOBY M. HARDING"
"WH639","TOBY M. HARDING","DOREL B. KYNASTON","JANET LUNT","skipped"
"WH640","DOREL B. KYNASTON","JANET LUNT","TOBY M. HARDING","CODY CHAMBERLAIN"
"WH641","CODY CHAMBERLAIN","JANET LUNT","DOREL B. KYNASTON","skipped"
"WH642","JANET LUNT","DOREL B. KYNASTON","skipped","skipped"
"WH643","TOBY M. HARDING","JANET LUNT","CODY CHAMBERLAIN","skipped"
"WH644","DOREL B. KYNASTON","JANET LUNT","TOBY M. HARDING","CODY CHAMBERLAIN"
"WH645","overvote","skipped","skipped","skipped"
"WH646","overvote","skipped","skipped","skipped"
"WH647","JANET LUNT","DOREL B. KYNASTON","CODY CHAMBERLAIN","TOBY M. HARDING"
"WH648","JANET LUNT","CODY CHAMBERLAIN","TOBY M. HARDING","DOREL B. KYNASTON"
"WH649","JANET LUNT","TOBY M. HARDING","CODY CHAMBERLAIN","DOREL B. KYNASTON"
"WH650","CODY CHAMBERLAIN","JANET LUNT","TOBY M. HARDING","DOREL B. KYNASTON"
"WH651","JANET LUNT","TOBY M. HARDING","CODY CHAMBERLAIN","DOREL B. KYNASTON"
"WH652","JANET LUNT","DOREL B. KYNASTON","CODY CHAMBERLAIN","skipped"
"WH653","CODY CHAMBERLAIN","DOREL B. KYNASTON","TOBY M. HARDING","JANET LUNT"
"WH654","CODY CHAMBERLAIN","DOREL B. KYNASTON","TOBY M. HARDING","JANET LUNT"
"WH655","JANET LUNT","DOREL B. KYNASTON","CODY CHAMBERLAIN","TOBY M. HARDING"
"WH656","TOBY M. HARDING","DOREL B. KYNASTON","CODY CHAMBERLAIN","JANET LUNT"
"WH657","JANET LUNT","TOBY M. HARDING","CODY CHAMBERLAIN","DOREL B. KYNASTON"
"WH658","JANET LUNT","TOBY M. HARDING","CODY CHAMBERLAIN","DOREL B. KYNASTON"
